frequency,num,portion,percentage
CM,143,0.014905149051490514,1.5%
HFEM,552,0.05753595997498437,5.8%
LFEM,1868,0.19470502397331665,19.5%
VLFEM,7031,0.7328538670002085,73.3%
